{
  "test_name": "Plurality vs Random Winner",
  "n_runs": 50,
  "n_voters": 5000,
  "dimensions": [
    1,
    2,
    5,
    10
  ],
  "candidate_counts": [
    25
  ],
  "distance_metric": "l2",
  "results": {
    "1": {
      "25": {
        "avg_distance_plurality": 0.3364116534216604,
        "avg_distance_random": 0.33193777109608547,
        "extremism_plurality": 0.26007932902285746,
        "extremism_random": 0.24944987186740536,
        "worst_off_plurality": 0.759875706966095,
        "worst_off_random": 0.7492502285909981,
        "disagreement_frequency": 0.94,
        "condorcet_consistency_plurality": 0.06,
        "condorcet_consistency_random": 0.08,
        "variance_plurality": 0.051513214098153265,
        "variance_random": 0.0504016584600675,
        "vse_plurality": 0.6236676567303585,
        "vse_random": 0.6536297897102533
      }
    },
    "2": {
      "25": {
        "avg_distance_plurality": 0.507926070046736,
        "avg_distance_random": 0.5196147396466513,
        "extremism_plurality": 0.37409110898709563,
        "extremism_random": 0.3791352101460771,
        "worst_off_plurality": 1.056873638303066,
        "worst_off_random": 1.0579409475611126,
        "disagreement_frequency": 0.96,
        "condorcet_consistency_plurality": 0.04,
        "condorcet_consistency_random": 0.06,
        "variance_plurality": 0.05431742991940565,
        "variance_random": 0.0541314406638096,
        "vse_plurality": 0.6069300677721787,
        "vse_random": 0.5633342793748674
      }
    },
    "5": {
      "25": {
        "avg_distance_plurality": 0.7709838854328553,
        "avg_distance_random": 0.8827990629397604,
        "extremism_plurality": 0.4641542301754902,
        "extremism_random": 0.6370293627787857,
        "worst_off_plurality": 1.3703595534998059,
        "worst_off_random": 1.5547646256355834,
        "disagreement_frequency": 0.94,
        "condorcet_consistency_plurality": 0.24489795918367346,
        "condorcet_consistency_random": 0.04081632653061224,
        "variance_plurality": 0.042446595394568104,
        "variance_random": 0.05370884662614933,
        "vse_plurality": 0.8344003034821776,
        "vse_random": 0.4982262874103361
      }
    },
    "10": {
      "25": {
        "avg_distance_plurality": 1.097401759308179,
        "avg_distance_random": 1.2734757257779266,
        "extremism_plurality": 0.6368256639098483,
        "extremism_random": 0.9075646942983774,
        "worst_off_plurality": 1.7347214558576618,
        "worst_off_random": 1.9926506956133974,
        "disagreement_frequency": 0.98,
        "condorcet_consistency_plurality": 0.74,
        "condorcet_consistency_random": 0.04,
        "variance_plurality": 0.040112625207325135,
        "variance_random": 0.05186084325213813,
        "vse_plurality": 0.9770239635305863,
        "vse_random": 0.48500142582403205
      }
    }
  }
}