{
  "test_name": "Plurality vs Random Winner",
  "n_runs": 100,
  "n_voters": 100,
  "dimensions": [
    1,
    2,
    3,
    5,
    10
  ],
  "candidate_counts": [
    2,
    3,
    5,
    10
  ],
  "distance_metric": "l1",
  "results": {
    "1": {
      "2": {
        "avg_distance_plurality": 0.2894619183981325,
        "avg_distance_random": 0.3359240628292749,
        "extremism_plurality": 0.16081559509324278,
        "extremism_random": 0.24909571927748647,
        "worst_off_plurality": 0.6488912787823229,
        "worst_off_random": 0.7378433189803585,
        "disagreement_frequency": 0.5,
        "condorcet_consistency_plurality": 1.0,
        "condorcet_consistency_random": 0.5,
        "variance_plurality": 0.037059743969126265,
        "variance_random": 0.050426237116616784,
        "vse_plurality": 0.96,
        "vse_random": 0.5
      },
      "3": {
        "avg_distance_plurality": 0.2803264847141117,
        "avg_distance_random": 0.3316835804626267,
        "extremism_plurality": 0.14295876998148732,
        "extremism_random": 0.23937152429704373,
        "worst_off_plurality": 0.6333177100615509,
        "worst_off_random": 0.7283490667023006,
        "disagreement_frequency": 0.76,
        "condorcet_consistency_plurality": 0.6666666666666666,
        "condorcet_consistency_random": 0.2604166666666667,
        "variance_plurality": 0.03379666781952047,
        "variance_random": 0.04787636584168764,
        "vse_plurality": 0.8483211694153274,
        "vse_random": 0.47133374923362736
      },
      "5": {
        "avg_distance_plurality": 0.2945442532679871,
        "avg_distance_random": 0.3348683631579739,
        "extremism_plurality": 0.19410635813532956,
        "extremism_random": 0.2511214588602216,
        "worst_off_plurality": 0.6835110265945576,
        "worst_off_random": 0.7386538497388733,
        "disagreement_frequency": 0.8,
        "condorcet_consistency_plurality": 0.4375,
        "condorcet_consistency_random": 0.21875,
        "variance_plurality": 0.04116033372991104,
        "variance_random": 0.04987521576890457,
        "vse_plurality": 0.7755025022388788,
        "vse_random": 0.5760015560736843
      },
      "10": {
        "avg_distance_plurality": 0.3036282918406603,
        "avg_distance_random": 0.34385800558783186,
        "extremism_plurality": 0.22440465628101636,
        "extremism_random": 0.28412657844420297,
        "worst_off_plurality": 0.7121071086500238,
        "worst_off_random": 0.7729686871900278,
        "disagreement_frequency": 0.88,
        "condorcet_consistency_plurality": 0.23469387755102042,
        "condorcet_consistency_random": 0.05102040816326531,
        "variance_plurality": 0.045774245396842834,
        "variance_random": 0.05331303986463945,
        "vse_plurality": 0.7309990295695203,
        "vse_random": 0.5503144196359562
      }
    },
    "2": {
      "2": {
        "avg_distance_plurality": 0.6096433362269239,
        "avg_distance_random": 0.6678347105977224,
        "extremism_plurality": 0.4014311438500487,
        "extremism_random": 0.5001551695364301,
        "worst_off_plurality": 1.285837550473822,
        "worst_off_random": 1.3772488464725925,
        "disagreement_frequency": 0.51,
        "condorcet_consistency_plurality": 1.0,
        "condorcet_consistency_random": 0.5,
        "variance_plurality": 0.0836690686433794,
        "variance_random": 0.09987846407435724,
        "vse_plurality": 0.92,
        "vse_random": 0.53
      },
      "3": {
        "avg_distance_plurality": 0.5903859162358596,
        "avg_distance_random": 0.6552013231130848,
        "extremism_plurality": 0.36085245764241675,
        "extremism_random": 0.4720557830892058,
        "worst_off_plurality": 1.2505582651143223,
        "worst_off_random": 1.3576927115241195,
        "disagreement_frequency": 0.64,
        "condorcet_consistency_plurality": 0.7551020408163265,
        "condorcet_consistency_random": 0.41836734693877553,
        "variance_plurality": 0.07807809307531934,
        "variance_random": 0.0937008346431297,
        "vse_plurality": 0.8745539374669389,
        "vse_random": 0.581094384249962
      },
      "5": {
        "avg_distance_plurality": 0.589158678717351,
        "avg_distance_random": 0.6970214677369377,
        "extremism_plurality": 0.37174754436518986,
        "extremism_random": 0.5474246371495701,
        "worst_off_plurality": 1.258885800401177,
        "worst_off_random": 1.4339034635875303,
        "disagreement_frequency": 0.85,
        "condorcet_consistency_plurality": 0.48863636363636365,
        "condorcet_consistency_random": 0.10227272727272728,
        "variance_plurality": 0.08064622443769923,
        "variance_random": 0.1071600088592062,
        "vse_plurality": 0.7998456618798726,
        "vse_random": 0.4428335472079419
      },
      "10": {
        "avg_distance_plurality": 0.5921860252453135,
        "avg_distance_random": 0.6406251340953412,
        "extremism_plurality": 0.3841928962915274,
        "extremism_random": 0.47016525741781684,
        "worst_off_plurality": 1.2653291552420003,
        "worst_off_random": 1.3516635835032316,
        "disagreement_frequency": 0.87,
        "condorcet_consistency_plurality": 0.2727272727272727,
        "condorcet_consistency_random": 0.125,
        "variance_plurality": 0.0858348162961458,
        "variance_random": 0.09530435517922546,
        "vse_plurality": 0.7595726594356517,
        "vse_random": 0.6303913411038189
      }
    },
    "3": {
      "2": {
        "avg_distance_plurality": 0.9308354561220754,
        "avg_distance_random": 0.9960825620400733,
        "extremism_plurality": 0.6313710017314137,
        "extremism_random": 0.7513557538546007,
        "worst_off_plurality": 1.8098933141088167,
        "worst_off_random": 1.9285181304715209,
        "disagreement_frequency": 0.53,
        "condorcet_consistency_plurality": 1.0,
        "condorcet_consistency_random": 0.4639175257731959,
        "variance_plurality": 0.12873710687551257,
        "variance_random": 0.14678540903744194,
        "vse_plurality": 0.91,
        "vse_random": 0.48
      },
      "3": {
        "avg_distance_plurality": 0.898809278060536,
        "avg_distance_random": 0.9743041126198929,
        "extremism_plurality": 0.5842126894647495,
        "extremism_random": 0.7032371679192138,
        "worst_off_plurality": 1.751285327608034,
        "worst_off_random": 1.8557470664955573,
        "disagreement_frequency": 0.61,
        "condorcet_consistency_plurality": 0.78125,
        "condorcet_consistency_random": 0.4479166666666667,
        "variance_plurality": 0.12156839620273968,
        "variance_random": 0.14147538940195548,
        "vse_plurality": 0.901791110575902,
        "vse_random": 0.5880509816941167
      },
      "5": {
        "avg_distance_plurality": 0.8788785017513223,
        "avg_distance_random": 1.0255200742210266,
        "extremism_plurality": 0.5473903974387366,
        "extremism_random": 0.7862355784063171,
        "worst_off_plurality": 1.7293760989113918,
        "worst_off_random": 1.9700171705215286,
        "disagreement_frequency": 0.85,
        "condorcet_consistency_plurality": 0.6777777777777778,
        "condorcet_consistency_random": 0.16666666666666666,
        "variance_plurality": 0.11740440246597292,
        "variance_random": 0.1538370142262245,
        "vse_plurality": 0.9104359492672761,
        "vse_random": 0.4265269106993048
      },
      "10": {
        "avg_distance_plurality": 0.870187929033941,
        "avg_distance_random": 1.0104152561310107,
        "extremism_plurality": 0.5317703963603023,
        "extremism_random": 0.7722201455553827,
        "worst_off_plurality": 1.7114787762790402,
        "worst_off_random": 1.9487053312613731,
        "disagreement_frequency": 0.9,
        "condorcet_consistency_plurality": 0.36363636363636365,
        "condorcet_consistency_random": 0.06493506493506493,