{
  "center_metric": "l1",
  "extreme_metric": "cosine",
  "threshold": 0.5,
  "n_voters": 100,
  "dimensions": [
    1,
    2,
    3,
    4,
    5,
    7,
    10
  ],
  "data": {
    "1": {
      "plurality": {
        "disagreement_rate": 0.0,
        "vse_het": 0.7534926032233369,
        "vse_homo": 0.7534926032233369,
        "vse_difference": 0.0,
        "cycle_rate_het": 94.0,
        "cycle_rate_homo": 94.0,
        "cycle_rate_delta": 0.0,
        "condorcet_efficiency_het": 39.26701570680628,
        "condorcet_efficiency_homo": 39.26701570680628,
        "condorcet_efficiency_delta": 0.0
      },
      "borda": {
        "disagreement_rate": 0.0,
        "vse_het": 0.9547533389052003,
        "vse_homo": 0.9547533389052003,
        "vse_difference": 0.0,
        "cycle_rate_het": 94.0,
        "cycle_rate_homo": 94.0,
        "cycle_rate_delta": 0.0,
        "condorcet_efficiency_het": 76.96335078534031,
        "condorcet_efficiency_homo": 76.96335078534031,
        "condorcet_efficiency_delta": 0.0
      },
      "irv": {
        "disagreement_rate": 0.0,
        "vse_het": 0.9220345968447515,
        "vse_homo": 0.9220345968447515,
        "vse_difference": 0.0,
        "cycle_rate_het": 94.0,
        "cycle_rate_homo": 94.0,
        "cycle_rate_delta": 0.0,
        "condorcet_efficiency_het": 64.3979057591623,
        "condorcet_efficiency_homo": 64.3979057591623,
        "condorcet_efficiency_delta": 0.0
      }
    },
    "2": {
      "plurality": {
        "disagreement_rate": 15.5,
        "vse_het": 0.8612232894175071,
        "vse_homo": 0.8196263473644595,
        "vse_difference": 0.04159694205304765,
        "cycle_rate_het": 93.0,
        "cycle_rate_homo": 95.0,
        "cycle_rate_delta": -2.0,
        "condorcet_efficiency_het": 56.41025641025641,
        "condorcet_efficiency_homo": 47.252747252747255,
        "condorcet_efficiency_delta": 9.157509157509153
      },
      "borda": {
        "disagreement_rate": 17.5,
        "vse_het": 0.9893381407884388,
        "vse_homo": 0.9617227300740291,
        "vse_difference": 0.02761541071440976,
        "cycle_rate_het": 93.0,
        "cycle_rate_homo": 95.0,
        "cycle_rate_delta": -2.0,
        "condorcet_efficiency_het": 87.6923076923077,
        "condorcet_efficiency_homo": 84.61538461538461,
        "condorcet_efficiency_delta": 3.07692307692308
      },
      "irv": {
        "disagreement_rate": 21.0,
        "vse_het": 0.9569725739960837,
        "vse_homo": 0.9473662272361355,
        "vse_difference": 0.009606346759948203,
        "cycle_rate_het": 93.0,
        "cycle_rate_homo": 95.0,
        "cycle_rate_delta": -2.0,
        "condorcet_efficiency_het": 76.92307692307692,
        "condorcet_efficiency_homo": 75.27472527472527,
        "condorcet_efficiency_delta": 1.6483516483516496
      }
    },
    "3": {
      "plurality": {
        "disagreement_rate": 19.0,
        "vse_het": 0.8850853046088594,
        "vse_homo": 0.8544498564411026,
        "vse_difference": 0.030635448167756762,
        "cycle_rate_het": 93.5,
        "cycle_rate_homo": 94.0,
        "cycle_rate_delta": -0.5,
        "condorcet_efficiency_het": 66.3157894736842,
        "condorcet_efficiency_homo": 57.95454545454545,
        "condorcet_efficiency_delta": 8.361244019138752
      },
      "borda": {
        "disagreement_rate": 8.5,
        "vse_het": 0.988911066273018,
        "vse_homo": 0.9834285131303246,
        "vse_difference": 0.005482553142693303,
        "cycle_rate_het": 93.5,
        "cycle_rate_homo": 94.0,
        "cycle_rate_delta": -0.5,
        "condorcet_efficiency_het": 91.05263157894737,
        "condorcet_efficiency_homo": 91.47727272727273,
        "condorcet_efficiency_delta": -0.4246411483253638
      },
      "irv": {
        "disagreement_rate": 17.5,
        "vse_het": 0.9631074891483509,
        "vse_homo": 0.950370815332223,
        "vse_difference": 0.012736673816127864,
        "cycle_rate_het": 93.5,
        "cycle_rate_homo": 94.0,
        "cycle_rate_delta": -0.5,
        "condorcet_efficiency_het": 90.52631578947368,
        "condorcet_efficiency_homo": 84.0909090909091,
        "condorcet_efficiency_delta": 6.4354066985645915
      }
    },
    "4": {
      "plurality": {
        "disagreement_rate": 13.5,
        "vse_het": 0.9101068734848627,
        "vse_homo": 0.8950217890567457,
        "vse_difference": 0.015085084428117068,
        "cycle_rate_het": 94.0,
        "cycle_rate_homo": 89.0,
        "cycle_rate_delta": 5.0,
        "condorcet_efficiency_het": 72.87234042553192,
        "condorcet_efficiency_homo": 71.9298245614035,
        "condorcet_efficiency_delta": 0.9425158641284099
      },
      "borda": {
        "disagreement_rate": 8.5,
        "vse_het": 0.992760054997718,
        "vse_homo": 0.9869513252342199,
        "vse_difference": 0.0058087297634981105,
        "cycle_rate_het": 94.0,
        "cycle_rate_homo": 89.0,
        "cycle_rate_delta": 5.0,
        "condorcet_efficiency_het": 91.48936170212765,
        "condorcet_efficiency_homo": 90.64327485380117,
        "condorcet_efficiency_delta": 0.846086848326479
      },
      "irv": {
        "disagreement_rate": 15.0,
        "vse_het": 0.970937506881401,
        "vse_homo": 0.971728583768569,
        "vse_difference": -0.0007910768871679519,
        "cycle_rate_het": 94.0,
        "cycle_rate_homo": 89.0,
        "cycle_rate_delta": 5.0,
        "condorcet_efficiency_het": 92.02127659574468,
        "condorcet_efficiency_homo": 90.64327485380117,
        "condorcet_efficiency_delta": 1.3780017419435069
      }
    },
    "5": {
      "plurality": {
        "disagreement_rate": 18.5,
        "vse_het": 0.9335155216427602,
        "vse_homo": 0.9080593811726678,
        "vse_difference": 0.02545614047009237,
        "cycle_rate_het": 96.5,
        "cycle_rate_homo": 94.0,
        "cycle_rate_delta": 2.5,
        "condorcet_efficiency_het": 74.09326424870466,
        "condorcet_efficiency_homo": 69.39890710382514,
        "condorcet_efficiency_delta": 4.694357144879518
      },
      "borda": {
        "disagreement_rate": 8.0,
        "vse_het": 0.9959170820404312,
        "vse_homo": 0.9908722557670419,
        "vse_difference": 0.0050448262733893134,
        "cycle_rate_het": 96.5,
        "cycle_rate_homo": 94.0,
        "cycle_rate_delta": 2.5,
        "condorcet_efficiency_het": 95.33678756476684,
        "condorcet_efficiency_homo": 93.98907103825137,
        "condorcet_efficiency_delta": 1.3477165265154696
      },
      "irv": {
        "disagreement_rate": 15.5,
        "vse_het": 0.9870615532214632,
        "vse_homo": 0.9783437624588689,
        "vse_difference": 0.008717790762594269,
        "cycle_rate_het": 96.5,
        "cycle_rate_homo": 94.0,
        "cycle_rate_delta": 2.5,
        "condorcet_efficiency_het": 93.26424870466322,
        "condorcet_efficiency_homo": 91.2568306010929,
        "condorcet_efficiency_delta": 2.0074181035703162
      }
    },
    "7": {
      "plurality": {
        "disagreement_rate": 16.5,
        "vse_het": 0.9559143822857945,
        "vse_homo": 0.9291194967466997,
        "vse_difference": 0.026794885539094815,
        "cycle_rate_het": 92.5,
        "cycle_rate_homo": 77.5,
        "cycle_rate_delta": 15.0,
        "condorcet_efficiency_het": 78.64583333333333,
        "condorcet_efficiency_homo": 72.06703910614524,
        "condorcet_efficiency_delta": 6.578794227188084
      },
      "borda": {
        "disagreement_rate": 19.0,
        "vse_het": 0.9919957869965611,
        "vse_homo": 0.9629115652858354,
        "vse_difference": 0.029084221710725666,
        "cycle_rate_het": 92.5,
        "cycle_rate_homo": 77.5,
        "cycle_rate_delta": 15.0,
        "condorcet_efficiency_het": 93.22916666666667,
        "condorcet_efficiency_homo": 94.41340782122904,
        "condorcet_efficiency_delta": -1.184241154562372
      },
      "irv": {
        "disagreement_rate": 15.0,
        "vse_het": 0.9847739257210973,